Country,Year,Visitors
Canada,2014,268485
U.S.A,2014,1118983
Argentina,2014,9731
Brazil,2014,19563
Mexico,2014,13978
Austria,2014,34360
Belgium,2014,37441
Denmark,2014,26775
Finland,2014,18765
France,2014,246101
Germany,2014,239106
Greece,2014,8300
Ireland,2014,28978
Italy,2014,91589
Netherlands,2014,67747
Norway,2014,19690
Portugal,2014,36156
Spain,2014,66463
Sweden,2014,44948
Switzerland,2014,45773
U.K.,2014,838860
Czech Rep.,2014,9878
Hungary,2014,6867
Kazakhstan,2014,16736
Poland,2014,25205
Russian Fed,2014,269832
Ukraine,2014,29281
Egypt,2014,16715
Kenya,2014,46158
Mauritius,2014,27945
Nigeria,2014,28314
South Africa,2014,56246
Sudan,2014,11896
Tanzania,2014,26284
Bahrain,2014,13136
Iraq,2014,48321
Israel,2014,49321
Oman,2014,88512
Saudi Arabia,2014,55487
Turkey,2014,24294
U.A.E.,2014,59332
Yemen Arab Rep.,2014,34207
Afghanistan,2014,115569
Bangladesh,2014,942562
Bhutan,2014,16001
Iran,2014,31222
Maldives,2014,65052
Nepal,2014,126416
Pakistan,2014,96434
Sri Lanka,2014,301601
Indonesia,2014,32215
Malaysia,2014,262026
Myanmar,2014,54631
Philippines,2014,43240
Singapore,2014,150731
Thailand,2014,121362
Vietnam,2014,15132
China,2014,181020
Japan,2014,219516
Rep. of Korea,2014,106870
Taiwan,2014,35857
Australia,2014,239762
New Zealand,2014,42864
Canada,2015,281306
U.S.A,2015,1213624
Argentina,2015,9351
Brazil,2015,20610
Mexico,2015,14049
Austria,2015,33670
Belgium,2015,36684
Denmark,2015,24073
Finland,2015,18129
France,2015,230854
Germany,2015,248314
Greece,2015,8087
Ireland,2015,32973
Italy,2015,88091
Netherlands,2015,66181
Norway,2015,19757
Portugal,2015,44616
Spain,2015,65694
Sweden,2015,42626
Switzerland,2015,46151
U.K.,2015,867601
Czech Rep.,2015,11441
Hungary,2015,7036
Kazakhstan,2015,14506
Poland,2015,26499
Russian Fed,2015,172419
Ukraine,2015,23098
Egypt,2015,19168
Kenya,2015,46139
Mauritius,2015,32533
Nigeria,2015,24292
South Africa,2015,51922
Sudan,2015,13704
Tanzania,2015,25488
Bahrain,2015,14013
Iraq,2015,42660
Israel,2015,50134
Oman,2015,103740
Saudi Arabia,2015,63835
Turkey,2015,25670
U.A.E.,2015,55818
Yemen Arab Rep.,2015,20901
Afghanistan,2015,114406
Bangladesh,2015,1133879
Bhutan,2015,19084
Iran,2015,30774
Maldives,2015,68907
Nepal,2015,154720
Pakistan,2015,124924
Sri Lanka,2015,299513
Indonesia,2015,34933
Malaysia,2015,272941
Myanmar,2015,55341
Philippines,2015,47912
Singapore,2015,152238
Thailand,2015,115860
Vietnam,2015,15341
China,2015,206322
Japan,2015,207415
Rep. of Korea,2015,102993
Taiwan,2015,36349
Australia,2015,263201
New Zealand,2015,45171
Canada,2016,317239
U.S.A,2016,1296939
Argentina,2016,12308
Brazil,2016,21289
Mexico,2016,15689
Austria,2016,33089
Belgium,2016,37960
Denmark,2016,24717
Finland,2016,18371
France,2016,238707
Germany,2016,265928
Greece,2016,9048
Ireland,2016,36440
Italy,2016,95417
Netherlands,2016,71840
Norway,2016,20148
Portugal,2016,54439
Spain,2016,76342
Sweden,2016,43689
Switzerland,2016,48123
U.K.,2016,941883
Czech Rep.,2016,12932
Hungary,2016,7961
Kazakhstan,2016,12979
Poland,2016,25706
Russian Fed,2016,227749
Ukraine,2016,26753
Egypt,2016,20864
Kenya,2016,44783
Mauritius,2016,34280
Nigeria,2016,17964
South Africa,2016,52636
Sudan,2016,17093
Tanzania,2016,23026
Bahrain,2016,17382
Iraq,2016,48227
Israel,2016,59231
Oman,2016,105705
Saudi Arabia,2016,61605
Turkey,2016,29545
U.A.E.,2016,67165
Yemen Arab Rep.,2016,19383
Afghanistan,2016,123330
Bangladesh,2016,1380409
Bhutan,2016,20940
Iran,2016,39184
Maldives,2016,67457
Nepal,2016,161097
Pakistan,2016,104720
Sri Lanka,2016,297418
Indonesia,2016,35084
Malaysia,2016,301961
Myanmar,2016,51376
Philippines,2016,52692
Singapore,2016,163688
Thailand,2016,119663
Vietnam,2016,16728
China,2016,251313
Japan,2016,208847
Rep. of Korea,2016,111076
Taiwan,2016,42327
Australia,2016,293625
New Zealand,2016,50917
Canada,2017,335439
U.S.A,2017,1376919
Argentina,2017,14875
Brazil,2017,24453
Mexico,2017,18114
Austria,2017,31832
Belgium,2017,41902
Denmark,2017,26761
Finland,2017,20384
France,2017,249620
Germany,2017,269380
Greece,2017,10286
Ireland,2017,37993
Italy,2017,111915
Netherlands,2017,76652
Norway,2017,20882
Portugal,2017,66378
Spain,2017,81442
Sweden,2017,45851
Switzerland,2017,49607
U.K.,2017,986296
Czech Rep.,2017,11852
Hungary,2017,9241
Kazakhstan,2017,15421
Poland,2017,28674
Russian Fed,2017,278904
Ukraine,2017,25988
Egypt,2017,20528
Kenya,2017,46011
Mauritius,2017,37706
Nigeria,2017,12651
South Africa,2017,57060
Sudan,2017,22762
Tanzania,2017,22261
Bahrain,2017,16764
Iraq,2017,56230
Israel,2017,58131
Oman,2017,107217
Saudi Arabia,2017,52976
Turkey,2017,33251
U.A.E.,2017,67238
Yemen Arab Rep.,2017,21695
Afghanistan,2017,149176
Bangladesh,2017,2156557
Bhutan,2017,25267
Iran,2017,42641
Maldives,2017,66150
Nepal,2017,164018
Pakistan,2017,44266
Sri Lanka,2017,303590
Indonesia,2017,43973
Malaysia,2017,322126
Myanmar,2017,56952
Philippines,2017,53963
Singapore,2017,175852
Thailand,2017,140087
Vietnam,2017,23771
China,2017,247235
Japan,2017,222527
Rep. of Korea,2017,142383
Taiwan,2017,47043
Australia,2017,324243
New Zealand,2017,56597
Canada,2018,351040
U.S.A,2018,1456678
Argentina,2018,16345
Brazil,2018,26579
Mexico,2018,19909
Austria,2018,33200
Belgium,2018,44086
Denmark,2018,28195
Finland,2018,21239
France,2018,261653
Germany,2018,274087
Greece,2018,10656
Ireland,2018,39276
Italy,2018,126931
Netherlands,2018,81615
Norway,2018,22631
Portugal,2018,74492
Spain,2018,84356
Sweden,2018,46743
Switzerland,2018,49322
U.K.,2018,1029757
Czech Rep.,2018,13413
Hungary,2018,9201
Kazakhstan,2018,13314
Poland,2018,31555
Russian Fed,2018,262309
Ukraine,2018,26260
Egypt,2018,20486
Kenya,2018,48845
Mauritius,2018,42096
Nigeria,2018,12067
South Africa,2018,58613
Sudan,2018,34712
Tanzania,2018,23443
Bahrain,2018,13915
Iraq,2018,68462
Israel,2018,67366
Oman,2018,95160
Saudi Arabia,2018,47546
Turkey,2018,33825
U.A.E.,2018,59971
Yemen Arab Rep.,2018,21674
Afghanistan,2018,153905
Bangladesh,2018,2256675
Bhutan,2018,26470
Iran,2018,35596
Maldives,2018,62337
Nepal,2018,174096
Pakistan,2018,41659
Sri Lanka,2018,353684
Indonesia,2018,46867
Malaysia,2018,319172
Myanmar,2018,75773
Philippines,2018,53473
Singapore,2018,183581
Thailand,2018,166293
Vietnam,2018,31427
China,2018,281768
Japan,2018,236236
Rep. of Korea,2018,150536
Taiwan,2018,49457
Australia,2018,346486
New Zealand,2018,60664
Canada,2019,351859
U.S.A,2019,1512032
Argentina,2019,12844
Brazil,2019,25422
Mexico,2019,20766
Austria,2019,32332
Belgium,2019,39263
Denmark,2019,26492
Finland,2019,18945
France,2019,247238
Germany,2019,264973
Greece,2019,10317
Ireland,2019,41183
Italy,2019,128572
Netherlands,2019,80313
Norway,2019,21898
Portugal,2019,74743
Spain,2019,83322
Sweden,2019,42318
Switzerland,2019,46826
U.K.,2019,1000292
Czech Rep.,2019,13290
Hungary,2019,9788
Kazakhstan,2019,15709
Poland,2019,33687
Russian Fed,2019,251319
Ukraine,2019,29468
Egypt,2019,21538
Kenya,2019,48639
Mauritius,2019,46814
Nigeria,2019,14033
South Africa,2019,57274
Sudan,2019,34003
Tanzania,2019,23774
Bahrain,2019,15128
Iraq,2019,61907
Israel,2019,73137
Oman,2019,74564
Saudi Arabia,2019,48526
Turkey,2019,35113
U.A.E.,2019,55413
Yemen Arab Rep.,2019,26065
Afghanistan,2019,124120
Bangladesh,2019,2577727
Bhutan,2019,28178
Iran,2019,33288
Maldives,2019,78587
Nepal,2019,164040
Pakistan,2019,39018
Sri Lanka,2019,330861
Indonesia,2019,50177
Malaysia,2019,334579
Myanmar,2019,86842
Philippines,2019,56393
Singapore,2019,190089
Thailand,2019,169956
Vietnam,2019,33636
China,2019,339442
Japan,2019,238903
Rep. of Korea,2019,149445
Taiwan,2019,48195
Australia,2019,367241
New Zealand,2019,65551
Canada,2020,122868
U.S.A,2020,394092
Argentina,2020,4294
Brazil,2020,8092
Mexico,2020,4580
Austria,2020,9182
Belgium,2020,11022
Denmark,2020,8252
Finland,2020,4310
France,2020,74243
Germany,2020,72558
Greece,2020,2854
Ireland,2020,9708
Italy,2020,31186
Netherlands,2020,26258
Norway,2020,6224
Portugal,2020,31005
Spain,2020,16335
Sweden,2020,11992
Switzerland,2020,12675
U.K.,2020,291874
Czech Rep.,2020,3607
Hungary,2020,2964
Kazakhstan,2020,5918
Poland,2020,12161
Russian Fed,2020,102166
Ukraine,2020,10619
Egypt,2020,4886
Kenya,2020,12779
Mauritius,2020,11410
Nigeria,2020,3819
South Africa,2020,12561
Sudan,2020,9114
Tanzania,2020,6501
Bahrain,2020,3429
Iraq,2020,17823
Israel,2020,17444
Oman,2020,15430
Saudi Arabia,2020,10423
Turkey,2020,10853
U.A.E.,2020,7387
Yemen Arab Rep.,2020,5882
Afghanistan,2020,47561
Bangladesh,2020,549273
Bhutan,2020,7901
Iran,2020,7090
Maldives,2020,14536
Nepal,2020,40822
Pakistan,2020,14232
Sri Lanka,2020,68646
Indonesia,2020,11795
Malaysia,2020,69897
Myanmar,2020,35291
Philippines,2020,16052
Singapore,2020,33747
Thailand,2020,52626
Vietnam,2020,8828
China,2020,39586
Japan,2020,48191
Rep. of Korea,2020,32302
Taiwan,2020,8969
Australia,2020,86758
New Zealand,2020,16653
